{
  "version": 1,
  "author": "Rangga",
  "editor": "wokwi",
  "parts": [
    { "type": "wokwi-arduino-uno", "id": "uno", "top": -114.6, "left": -10.2, "attrs": {} },
    {
      "type": "wokwi-hc-sr04",
      "id": "ultrasonic1",
      "top": -344.1,
      "left": 216.7,
      "attrs": { "distance": "7" }
    },
    { "type": "wokwi-led", "id": "led1", "top": 294, "left": 483.8, "attrs": { "color": "red" } },
    {
      "type": "wokwi-resistor",
      "id": "r2",
      "top": 61.55,
      "left": 364.8,
      "attrs": { "value": "1000" }
    },
    {
      "type": "wokwi-buzzer",
      "id": "bz1",
      "top": 252,
      "left": 347.4,
      "attrs": { "volume": "0.1" }
    },
    { "type": "wokwi-servo", "id": "servo1", "top": -347.6, "left": -153.6, "attrs": {} },
    {
      "type": "wokwi-hx711",
      "id": "cell1",
      "top": 290.6,
      "left": -160.6,
      "attrs": { "type": "5kg" }
    }
  ],
  "connections": [
    [ "ultrasonic1:VCC", "uno:5V", "red", [ "v0" ] ],
    [ "ultrasonic1:GND", "uno:GND.1", "black", [ "v0" ] ],
    [ "ultrasonic1:TRIG", "uno:7", "green", [ "v0" ] ],
    [ "ultrasonic1:ECHO", "uno:6", "blue", [ "v0" ] ],
    [ "servo1:GND", "uno:GND.1", "black", [ "h-28.8", "v153.6", "h288" ] ],
    [ "cell1:SCK", "uno:A0", "blue", [ "h-19.2", "v-231.2", "h249.6" ] ],
    [ "cell1:DT", "uno:A1", "green", [ "h-28.8", "v-211.7", "h259.2" ] ],
    [ "cell1:VCC", "uno:5V", "red", [ "h-38.4", "v-220.8", "h220.8" ] ],
    [ "cell1:GND", "uno:GND.2", "black", [ "h0", "v-221.1", "h192" ] ],
    [ "uno:9", "bz1:1", "cyan", [ "v-19.2", "h125.6", "v384" ] ],
    [ "uno:13", "r2:1", "orange", [ "v-28.8", "h221.2", "v9.6" ] ],
    [ "servo1:PWM", "uno:10", "green", [ "h-19.2", "v125", "h9.6" ] ],
    [
      "uno:5V",
      "servo1:V+",
      "red",
      [ "v9.5", "h-169", "v-220.8", "h-172.8", "v-9.6", "h0", "v-144" ]
    ],
    [ "uno:GND.2", "bz1:2", "black", [ "v47.9", "h109.5", "v220.8", "h115.2" ] ],
    [ "r2:2", "led1:A", "orange", [ "v0", "h94.8", "v307.2" ] ],
    [ "uno:GND.3", "led1:C", "black", [ "v19.1", "h320.8", "v240" ] ]
  ],
  "dependencies": {}
}